<?xml version="1.0" encoding="UTF-8"?>
<metadata xml:lang="ca"><Esri><CreaDate>20140612</CreaDate><CreaTime>13594500</CreaTime><ArcGISFormat>1.0</ArcGISFormat><ArcGISstyle>INSPIRE Metadata Directive</ArcGISstyle><SyncOnce>TRUE</SyncOnce><DataProperties><lineage><Process Name="Add Field (27)" ToolSource="D:\PROGRAMARI\ArcGIS\Desktop10.0\ArcToolbox\Toolboxes\Data Management Tools.tbx\AddField" Date="20140612" Time="135945">AddField D:\PROVES\Incendis\incendis93\incendis1993.shp CODIF TEXT 1 # 11 # NON_NULLABLE NON_REQUIRED #</Process><Process Name="Calculate Field (27)" ToolSource="D:\PROGRAMARI\ArcGIS\Desktop10.0\ArcToolbox\Toolboxes\Data Management Tools.tbx\CalculateField" Date="20140612" Time="135945">CalculateField D:\PROVES\Incendis\incendis93\incendis1993.shp CODIF [CODI_FINAL] VB #</Process><Process Name="Add Field (28)" ToolSource="D:\PROGRAMARI\ArcGIS\Desktop10.0\ArcToolbox\Toolboxes\Data Management Tools.tbx\AddField" Date="20140612" Time="135945">AddField D:\PROVES\Incendis\incendis93\incendis1993.shp DATA TEXT 1 # 12 # NON_NULLABLE NON_REQUIRED #</Process><Process Name="Calculate Field (28)" ToolSource="D:\PROGRAMARI\ArcGIS\Desktop10.0\ArcToolbox\Toolboxes\Data Management Tools.tbx\CalculateField" Date="20140612" Time="135945">CalculateField D:\PROVES\Incendis\incendis93\incendis1993.shp DATA [DATA_INCEN] VB #</Process><Process Name="Add Field (29)" ToolSource="D:\PROGRAMARI\ArcGIS\Desktop10.0\ArcToolbox\Toolboxes\Data Management Tools.tbx\AddField" Date="20140612" Time="135945">AddField D:\PROVES\Incendis\incendis93\incendis1993.shp MUNI TEXT 1 # 80 # NON_NULLABLE NON_REQUIRED #</Process><Process Name="Calculate Field (29)" ToolSource="D:\PROGRAMARI\ArcGIS\Desktop10.0\ArcToolbox\Toolboxes\Data Management Tools.tbx\CalculateField" Date="20140612" Time="135945">CalculateField D:\PROVES\Incendis\incendis93\incendis1993.shp MUNI [MUNICIPI_D] VB #</Process><Process Name="Add Field (26)" ToolSource="D:\PROGRAMARI\ArcGIS\Desktop10.0\ArcToolbox\Toolboxes\Data Management Tools.tbx\AddField" Date="20140612" Time="135945">AddField D:\PROVES\Incendis\incendis93\incendis1993.shp GRID SHORT 1 # # # NON_NULLABLE NON_REQUIRED #</Process><Process Name="Calculate Field (26)" ToolSource="D:\PROGRAMARI\ArcGIS\Desktop10.0\ArcToolbox\Toolboxes\Data Management Tools.tbx\CalculateField" Date="20140612" Time="135945">CalculateField D:\PROVES\Incendis\incendis93\incendis1993.shp GRID [GRID_CODE] VB #</Process><Process Name="Delete Field (8)" ToolSource="D:\PROGRAMARI\ArcGIS\Desktop10.0\ArcToolbox\Toolboxes\Data Management Tools.tbx\DeleteField" Date="20140612" Time="135945">DeleteField D:\PROVES\Incendis\incendis93\incendis1993.shp CODI_FINAL;DATA_INCEN;MUNICIPI_D;GRID_CODE</Process><Process Name="Add Field (30)" ToolSource="D:\PROGRAMARI\ArcGIS\Desktop10.0\ArcToolbox\Toolboxes\Data Management Tools.tbx\AddField" Date="20140612" Time="135945">AddField D:\PROVES\Incendis\incendis93\incendis1993.shp GRID_CODE SHORT 1 # # # NON_NULLABLE NON_REQUIRED #</Process><Process Name="Calculate Field (30)" ToolSource="D:\PROGRAMARI\ArcGIS\Desktop10.0\ArcToolbox\Toolboxes\Data Management Tools.tbx\CalculateField" Date="20140612" Time="135946">CalculateField D:\PROVES\Incendis\incendis93\incendis1993.shp GRID_CODE [GRID] VB #</Process><Process Name="Add Field (31)" ToolSource="D:\PROGRAMARI\ArcGIS\Desktop10.0\ArcToolbox\Toolboxes\Data Management Tools.tbx\AddField" Date="20140612" Time="135946">AddField D:\PROVES\Incendis\incendis93\incendis1993.shp CODI_FINAL TEXT 1 # 11 # NON_NULLABLE NON_REQUIRED #</Process><Process Name="Calculate Field (31)" ToolSource="D:\PROGRAMARI\ArcGIS\Desktop10.0\ArcToolbox\Toolboxes\Data Management Tools.tbx\CalculateField" Date="20140612" Time="135946">CalculateField D:\PROVES\Incendis\incendis93\incendis1993.shp CODI_FINAL [CODIF] VB #</Process><Process Name="Add Field (33)" ToolSource="D:\PROGRAMARI\ArcGIS\Desktop10.0\ArcToolbox\Toolboxes\Data Management Tools.tbx\AddField" Date="20140612" Time="135946">AddField D:\PROVES\Incendis\incendis93\incendis1993.shp MUNICIPI TEXT 1 # 80 # NON_NULLABLE NON_REQUIRED #</Process><Process Name="Calculate Field (33)" ToolSource="D:\PROGRAMARI\ArcGIS\Desktop10.0\ArcToolbox\Toolboxes\Data Management Tools.tbx\CalculateField" Date="20140612" Time="135946">CalculateField D:\PROVES\Incendis\incendis93\incendis1993.shp MUNICIPI [MUNI] VB #</Process><Process Name="Add Field (32)" ToolSource="D:\PROGRAMARI\ArcGIS\Desktop10.0\ArcToolbox\Toolboxes\Data Management Tools.tbx\AddField" Date="20140612" Time="135946">AddField D:\PROVES\Incendis\incendis93\incendis1993.shp DATA_INCEN TEXT 1 # 12 # NON_NULLABLE NON_REQUIRED #</Process><Process Name="Calculate Field (32)" ToolSource="D:\PROGRAMARI\ArcGIS\Desktop10.0\ArcToolbox\Toolboxes\Data Management Tools.tbx\CalculateField" Date="20140612" Time="135946">CalculateField D:\PROVES\Incendis\incendis93\incendis1993.shp DATA_INCEN [DATA] VB #</Process><Process Name="Delete Field (9)" ToolSource="D:\PROGRAMARI\ArcGIS\Desktop10.0\ArcToolbox\Toolboxes\Data Management Tools.tbx\DeleteField" Date="20140612" Time="135946">DeleteField D:\PROVES\Incendis\incendis93\incendis1993.shp CODIF;DATA;MUNI;GRID</Process></lineage></DataProperties></Esri></metadata>
