<?xml version="1.0" encoding="UTF-8"?>
<metadata xml:lang="ca"><Esri><CreaDate>20140612</CreaDate><CreaTime>14014300</CreaTime><ArcGISFormat>1.0</ArcGISFormat><ArcGISstyle>INSPIRE Metadata Directive</ArcGISstyle><SyncOnce>TRUE</SyncOnce><DataProperties><lineage><Process Name="Add Field (35)" ToolSource="D:\PROGRAMARI\ArcGIS\Desktop10.0\ArcToolbox\Toolboxes\Data Management Tools.tbx\AddField" Date="20140612" Time="140143">AddField D:\PROVES\Incendis\incendis98\incendis1998.shp CODIF TEXT 1 # 11 # NON_NULLABLE NON_REQUIRED #</Process><Process Name="Calculate Field (35)" ToolSource="D:\PROGRAMARI\ArcGIS\Desktop10.0\ArcToolbox\Toolboxes\Data Management Tools.tbx\CalculateField" Date="20140612" Time="140144">CalculateField D:\PROVES\Incendis\incendis98\incendis1998.shp CODIF [CODI_FINAL] VB #</Process><Process Name="Add Field (36)" ToolSource="D:\PROGRAMARI\ArcGIS\Desktop10.0\ArcToolbox\Toolboxes\Data Management Tools.tbx\AddField" Date="20140612" Time="140144">AddField D:\PROVES\Incendis\incendis98\incendis1998.shp DATA TEXT 1 # 12 # NON_NULLABLE NON_REQUIRED #</Process><Process Name="Calculate Field (36)" ToolSource="D:\PROGRAMARI\ArcGIS\Desktop10.0\ArcToolbox\Toolboxes\Data Management Tools.tbx\CalculateField" Date="20140612" Time="140144">CalculateField D:\PROVES\Incendis\incendis98\incendis1998.shp DATA [DATA_INCEN] VB #</Process><Process Name="Add Field (37)" ToolSource="D:\PROGRAMARI\ArcGIS\Desktop10.0\ArcToolbox\Toolboxes\Data Management Tools.tbx\AddField" Date="20140612" Time="140144">AddField D:\PROVES\Incendis\incendis98\incendis1998.shp MUNI TEXT 1 # 80 # NON_NULLABLE NON_REQUIRED #</Process><Process Name="Calculate Field (37)" ToolSource="D:\PROGRAMARI\ArcGIS\Desktop10.0\ArcToolbox\Toolboxes\Data Management Tools.tbx\CalculateField" Date="20140612" Time="140144">CalculateField D:\PROVES\Incendis\incendis98\incendis1998.shp MUNI [MUNICIPI_D] VB #</Process><Process Name="Add Field (34)" ToolSource="D:\PROGRAMARI\ArcGIS\Desktop10.0\ArcToolbox\Toolboxes\Data Management Tools.tbx\AddField" Date="20140612" Time="140144">AddField D:\PROVES\Incendis\incendis98\incendis1998.shp GRID SHORT 1 # # # NON_NULLABLE NON_REQUIRED #</Process><Process Name="Calculate Field (34)" ToolSource="D:\PROGRAMARI\ArcGIS\Desktop10.0\ArcToolbox\Toolboxes\Data Management Tools.tbx\CalculateField" Date="20140612" Time="140144">CalculateField D:\PROVES\Incendis\incendis98\incendis1998.shp GRID [GRID_CODE] VB #</Process><Process Name="Delete Field (10)" ToolSource="D:\PROGRAMARI\ArcGIS\Desktop10.0\ArcToolbox\Toolboxes\Data Management Tools.tbx\DeleteField" Date="20140612" Time="140144">DeleteField D:\PROVES\Incendis\incendis98\incendis1998.shp CODI_FINAL;DATA_INCEN;MUNICIPI_D;GRID_CODE</Process><Process Name="Add Field (38)" ToolSource="D:\PROGRAMARI\ArcGIS\Desktop10.0\ArcToolbox\Toolboxes\Data Management Tools.tbx\AddField" Date="20140612" Time="140144">AddField D:\PROVES\Incendis\incendis98\incendis1998.shp GRID_CODE SHORT 1 # # # NON_NULLABLE NON_REQUIRED #</Process><Process Name="Calculate Field (38)" ToolSource="D:\PROGRAMARI\ArcGIS\Desktop10.0\ArcToolbox\Toolboxes\Data Management Tools.tbx\CalculateField" Date="20140612" Time="140144">CalculateField D:\PROVES\Incendis\incendis98\incendis1998.shp GRID_CODE [GRID] VB #</Process><Process Name="Add Field (39)" ToolSource="D:\PROGRAMARI\ArcGIS\Desktop10.0\ArcToolbox\Toolboxes\Data Management Tools.tbx\AddField" Date="20140612" Time="140145">AddField D:\PROVES\Incendis\incendis98\incendis1998.shp CODI_FINAL TEXT 1 # 11 # NON_NULLABLE NON_REQUIRED #</Process><Process Name="Calculate Field (39)" ToolSource="D:\PROGRAMARI\ArcGIS\Desktop10.0\ArcToolbox\Toolboxes\Data Management Tools.tbx\CalculateField" Date="20140612" Time="140145">CalculateField D:\PROVES\Incendis\incendis98\incendis1998.shp CODI_FINAL [CODIF] VB #</Process><Process Name="Add Field (41)" ToolSource="D:\PROGRAMARI\ArcGIS\Desktop10.0\ArcToolbox\Toolboxes\Data Management Tools.tbx\AddField" Date="20140612" Time="140145">AddField D:\PROVES\Incendis\incendis98\incendis1998.shp MUNICIPI TEXT 1 # 80 # NON_NULLABLE NON_REQUIRED #</Process><Process Name="Calculate Field (41)" ToolSource="D:\PROGRAMARI\ArcGIS\Desktop10.0\ArcToolbox\Toolboxes\Data Management Tools.tbx\CalculateField" Date="20140612" Time="140145">CalculateField D:\PROVES\Incendis\incendis98\incendis1998.shp MUNICIPI [MUNI] VB #</Process><Process Name="Add Field (40)" ToolSource="D:\PROGRAMARI\ArcGIS\Desktop10.0\ArcToolbox\Toolboxes\Data Management Tools.tbx\AddField" Date="20140612" Time="140145">AddField D:\PROVES\Incendis\incendis98\incendis1998.shp DATA_INCEN TEXT 1 # 12 # NON_NULLABLE NON_REQUIRED #</Process><Process Name="Calculate Field (40)" ToolSource="D:\PROGRAMARI\ArcGIS\Desktop10.0\ArcToolbox\Toolboxes\Data Management Tools.tbx\CalculateField" Date="20140612" Time="140145">CalculateField D:\PROVES\Incendis\incendis98\incendis1998.shp DATA_INCEN [DATA] VB #</Process><Process Name="Delete Field (11)" ToolSource="D:\PROGRAMARI\ArcGIS\Desktop10.0\ArcToolbox\Toolboxes\Data Management Tools.tbx\DeleteField" Date="20140612" Time="140145">DeleteField D:\PROVES\Incendis\incendis98\incendis1998.shp CODIF;DATA;MUNI;GRID</Process></lineage></DataProperties></Esri></metadata>
