<?xml version="1.0" encoding="UTF-8"?>
<metadata xml:lang="ca"><Esri><CreaDate>20140612</CreaDate><CreaTime>14014500</CreaTime><ArcGISFormat>1.0</ArcGISFormat><ArcGISstyle>INSPIRE Metadata Directive</ArcGISstyle><SyncOnce>TRUE</SyncOnce><DataProperties><lineage><Process Name="Add Field (43)" ToolSource="D:\PROGRAMARI\ArcGIS\Desktop10.0\ArcToolbox\Toolboxes\Data Management Tools.tbx\AddField" Date="20140612" Time="140145">AddField D:\PROVES\Incendis\incendis99\incendis1999.shp CODIF TEXT 1 # 11 # NON_NULLABLE NON_REQUIRED #</Process><Process Name="Calculate Field (43)" ToolSource="D:\PROGRAMARI\ArcGIS\Desktop10.0\ArcToolbox\Toolboxes\Data Management Tools.tbx\CalculateField" Date="20140612" Time="140145">CalculateField D:\PROVES\Incendis\incendis99\incendis1999.shp CODIF [CODI_FINAL] VB #</Process><Process Name="Add Field (44)" ToolSource="D:\PROGRAMARI\ArcGIS\Desktop10.0\ArcToolbox\Toolboxes\Data Management Tools.tbx\AddField" Date="20140612" Time="140145">AddField D:\PROVES\Incendis\incendis99\incendis1999.shp DATA TEXT 1 # 12 # NON_NULLABLE NON_REQUIRED #</Process><Process Name="Calculate Field (44)" ToolSource="D:\PROGRAMARI\ArcGIS\Desktop10.0\ArcToolbox\Toolboxes\Data Management Tools.tbx\CalculateField" Date="20140612" Time="140145">CalculateField D:\PROVES\Incendis\incendis99\incendis1999.shp DATA [DATA_INCEN] VB #</Process><Process Name="Add Field (45)" ToolSource="D:\PROGRAMARI\ArcGIS\Desktop10.0\ArcToolbox\Toolboxes\Data Management Tools.tbx\AddField" Date="20140612" Time="140146">AddField D:\PROVES\Incendis\incendis99\incendis1999.shp MUNI TEXT 1 # 80 # NON_NULLABLE NON_REQUIRED #</Process><Process Name="Calculate Field (45)" ToolSource="D:\PROGRAMARI\ArcGIS\Desktop10.0\ArcToolbox\Toolboxes\Data Management Tools.tbx\CalculateField" Date="20140612" Time="140146">CalculateField D:\PROVES\Incendis\incendis99\incendis1999.shp MUNI [MUNICIPI_D] VB #</Process><Process Name="Add Field (42)" ToolSource="D:\PROGRAMARI\ArcGIS\Desktop10.0\ArcToolbox\Toolboxes\Data Management Tools.tbx\AddField" Date="20140612" Time="140146">AddField D:\PROVES\Incendis\incendis99\incendis1999.shp GRID SHORT 1 # # # NON_NULLABLE NON_REQUIRED #</Process><Process Name="Calculate Field (42)" ToolSource="D:\PROGRAMARI\ArcGIS\Desktop10.0\ArcToolbox\Toolboxes\Data Management Tools.tbx\CalculateField" Date="20140612" Time="140146">CalculateField D:\PROVES\Incendis\incendis99\incendis1999.shp GRID [GRID_CODE] VB #</Process><Process Name="Delete Field (12)" ToolSource="D:\PROGRAMARI\ArcGIS\Desktop10.0\ArcToolbox\Toolboxes\Data Management Tools.tbx\DeleteField" Date="20140612" Time="140146">DeleteField D:\PROVES\Incendis\incendis99\incendis1999.shp CODI_FINAL;DATA_INCEN;MUNICIPI_D;GRID_CODE</Process><Process Name="Add Field (46)" ToolSource="D:\PROGRAMARI\ArcGIS\Desktop10.0\ArcToolbox\Toolboxes\Data Management Tools.tbx\AddField" Date="20140612" Time="140146">AddField D:\PROVES\Incendis\incendis99\incendis1999.shp GRID_CODE SHORT 1 # # # NON_NULLABLE NON_REQUIRED #</Process><Process Name="Calculate Field (46)" ToolSource="D:\PROGRAMARI\ArcGIS\Desktop10.0\ArcToolbox\Toolboxes\Data Management Tools.tbx\CalculateField" Date="20140612" Time="140146">CalculateField D:\PROVES\Incendis\incendis99\incendis1999.shp GRID_CODE [GRID] VB #</Process><Process Name="Add Field (47)" ToolSource="D:\PROGRAMARI\ArcGIS\Desktop10.0\ArcToolbox\Toolboxes\Data Management Tools.tbx\AddField" Date="20140612" Time="140146">AddField D:\PROVES\Incendis\incendis99\incendis1999.shp CODI_FINAL TEXT 1 # 11 # NON_NULLABLE NON_REQUIRED #</Process><Process Name="Calculate Field (47)" ToolSource="D:\PROGRAMARI\ArcGIS\Desktop10.0\ArcToolbox\Toolboxes\Data Management Tools.tbx\CalculateField" Date="20140612" Time="140146">CalculateField D:\PROVES\Incendis\incendis99\incendis1999.shp CODI_FINAL [CODIF] VB #</Process><Process Name="Add Field (49)" ToolSource="D:\PROGRAMARI\ArcGIS\Desktop10.0\ArcToolbox\Toolboxes\Data Management Tools.tbx\AddField" Date="20140612" Time="140146">AddField D:\PROVES\Incendis\incendis99\incendis1999.shp MUNICIPI TEXT 1 # 80 # NON_NULLABLE NON_REQUIRED #</Process><Process Name="Calculate Field (49)" ToolSource="D:\PROGRAMARI\ArcGIS\Desktop10.0\ArcToolbox\Toolboxes\Data Management Tools.tbx\CalculateField" Date="20140612" Time="140147">CalculateField D:\PROVES\Incendis\incendis99\incendis1999.shp MUNICIPI [MUNI] VB #</Process><Process Name="Add Field (48)" ToolSource="D:\PROGRAMARI\ArcGIS\Desktop10.0\ArcToolbox\Toolboxes\Data Management Tools.tbx\AddField" Date="20140612" Time="140147">AddField D:\PROVES\Incendis\incendis99\incendis1999.shp DATA_INCEN TEXT 1 # 12 # NON_NULLABLE NON_REQUIRED #</Process><Process Name="Calculate Field (48)" ToolSource="D:\PROGRAMARI\ArcGIS\Desktop10.0\ArcToolbox\Toolboxes\Data Management Tools.tbx\CalculateField" Date="20140612" Time="140147">CalculateField D:\PROVES\Incendis\incendis99\incendis1999.shp DATA_INCEN [DATA] VB #</Process><Process Name="Delete Field (13)" ToolSource="D:\PROGRAMARI\ArcGIS\Desktop10.0\ArcToolbox\Toolboxes\Data Management Tools.tbx\DeleteField" Date="20140612" Time="140147">DeleteField D:\PROVES\Incendis\incendis99\incendis1999.shp CODIF;DATA;MUNI;GRID</Process></lineage></DataProperties></Esri></metadata>
