<?xml version="1.0" encoding="UTF-8"?>
<metadata xml:lang="ca"><Esri><CreaDate>20140612</CreaDate><CreaTime>13061000</CreaTime><ArcGISFormat>1.0</ArcGISFormat><ArcGISstyle>INSPIRE Metadata Directive</ArcGISstyle><SyncOnce>TRUE</SyncOnce><DataProperties><lineage><Process Name="Add Field (2)" ToolSource="D:\PROGRAMARI\ArcGIS\Desktop10.0\ArcToolbox\Toolboxes\Data Management Tools.tbx\AddField" Date="20140612" Time="130610">AddField D:\PROVES\Incendis\incendis00\incendis2000.shp CODIF TEXT 1 # 11 # NON_NULLABLE NON_REQUIRED #</Process><Process Name="Calculate Field (2)" ToolSource="D:\PROGRAMARI\ArcGIS\Desktop10.0\ArcToolbox\Toolboxes\Data Management Tools.tbx\CalculateField" Date="20140612" Time="130610">CalculateField D:\PROVES\Incendis\incendis00\incendis2000.shp CODIF [CODI_FINAL] VB #</Process><Process Name="Add Field (3)" ToolSource="D:\PROGRAMARI\ArcGIS\Desktop10.0\ArcToolbox\Toolboxes\Data Management Tools.tbx\AddField" Date="20140612" Time="130610">AddField D:\PROVES\Incendis\incendis00\incendis2000.shp DATA TEXT 1 # 12 # NON_NULLABLE NON_REQUIRED #</Process><Process Name="Calculate Field (3)" ToolSource="D:\PROGRAMARI\ArcGIS\Desktop10.0\ArcToolbox\Toolboxes\Data Management Tools.tbx\CalculateField" Date="20140612" Time="130610">CalculateField D:\PROVES\Incendis\incendis00\incendis2000.shp DATA [DATA_INCEN] VB #</Process><Process Name="Add Field (4)" ToolSource="D:\PROGRAMARI\ArcGIS\Desktop10.0\ArcToolbox\Toolboxes\Data Management Tools.tbx\AddField" Date="20140612" Time="130610">AddField D:\PROVES\Incendis\incendis00\incendis2000.shp MUNI TEXT 1 # 80 # NON_NULLABLE NON_REQUIRED #</Process><Process Name="Calculate Field (4)" ToolSource="D:\PROGRAMARI\ArcGIS\Desktop10.0\ArcToolbox\Toolboxes\Data Management Tools.tbx\CalculateField" Date="20140612" Time="130610">CalculateField D:\PROVES\Incendis\incendis00\incendis2000.shp MUNI [MUNICIPI_D] VB #</Process><Process Name="Add Field" ToolSource="D:\PROGRAMARI\ArcGIS\Desktop10.0\ArcToolbox\Toolboxes\Data Management Tools.tbx\AddField" Date="20140612" Time="130610">AddField D:\PROVES\Incendis\incendis00\incendis2000.shp GRID SHORT 1 # # # NON_NULLABLE NON_REQUIRED #</Process><Process Name="Calculate Field" ToolSource="D:\PROGRAMARI\ArcGIS\Desktop10.0\ArcToolbox\Toolboxes\Data Management Tools.tbx\CalculateField" Date="20140612" Time="130611">CalculateField D:\PROVES\Incendis\incendis00\incendis2000.shp GRID [GRID_CODE] VB #</Process><Process Name="Delete Field" ToolSource="D:\PROGRAMARI\ArcGIS\Desktop10.0\ArcToolbox\Toolboxes\Data Management Tools.tbx\DeleteField" Date="20140612" Time="130611">DeleteField D:\PROVES\Incendis\incendis00\incendis2000.shp GRID_CODE;CODI_FINAL;DATA_INCEN;MUNICIPI_D</Process><Process Name="Add Field (5)" ToolSource="D:\PROGRAMARI\ArcGIS\Desktop10.0\ArcToolbox\Toolboxes\Data Management Tools.tbx\AddField" Date="20140612" Time="130611">AddField D:\PROVES\Incendis\incendis00\incendis2000.shp GRID_CODE SHORT 1 # # # NON_NULLABLE NON_REQUIRED #</Process><Process Name="Calculate Field (5)" ToolSource="D:\PROGRAMARI\ArcGIS\Desktop10.0\ArcToolbox\Toolboxes\Data Management Tools.tbx\CalculateField" Date="20140612" Time="130611">CalculateField D:\PROVES\Incendis\incendis00\incendis2000.shp GRID_CODE [GRID] VB #</Process><Process Name="Add Field (6)" ToolSource="D:\PROGRAMARI\ArcGIS\Desktop10.0\ArcToolbox\Toolboxes\Data Management Tools.tbx\AddField" Date="20140612" Time="130611">AddField D:\PROVES\Incendis\incendis00\incendis2000.shp CODI_FINAL TEXT 1 # 11 # NON_NULLABLE NON_REQUIRED #</Process><Process Name="Calculate Field (6)" ToolSource="D:\PROGRAMARI\ArcGIS\Desktop10.0\ArcToolbox\Toolboxes\Data Management Tools.tbx\CalculateField" Date="20140612" Time="130611">CalculateField D:\PROVES\Incendis\incendis00\incendis2000.shp CODI_FINAL [CODIF] VB #</Process><Process Name="Add Field (7)" ToolSource="D:\PROGRAMARI\ArcGIS\Desktop10.0\ArcToolbox\Toolboxes\Data Management Tools.tbx\AddField" Date="20140612" Time="130611">AddField D:\PROVES\Incendis\incendis00\incendis2000.shp DATA_INCEN TEXT 1 # 12 # NON_NULLABLE NON_REQUIRED #</Process><Process Name="Calculate Field (7)" ToolSource="D:\PROGRAMARI\ArcGIS\Desktop10.0\ArcToolbox\Toolboxes\Data Management Tools.tbx\CalculateField" Date="20140612" Time="130611">CalculateField D:\PROVES\Incendis\incendis00\incendis2000.shp DATA_INCEN [DATA] VB #</Process><Process Name="Add Field (8)" ToolSource="D:\PROGRAMARI\ArcGIS\Desktop10.0\ArcToolbox\Toolboxes\Data Management Tools.tbx\AddField" Date="20140612" Time="130612">AddField D:\PROVES\Incendis\incendis00\incendis2000.shp MUNICIPI TEXT 1 # 80 # NON_NULLABLE NON_REQUIRED #</Process><Process Name="Calculate Field (8)" ToolSource="D:\PROGRAMARI\ArcGIS\Desktop10.0\ArcToolbox\Toolboxes\Data Management Tools.tbx\CalculateField" Date="20140612" Time="130612">CalculateField D:\PROVES\Incendis\incendis00\incendis2000.shp MUNI [MUNI] VB #</Process><Process Name="Add Field (2)" ToolSource="D:\PROGRAMARI\ArcGIS\Desktop10.0\ArcToolbox\Toolboxes\Data Management Tools.tbx\AddField" Date="20140612" Time="130904">AddField D:\PROVES\Incendis\incendis00\incendis2000.shp CODIF TEXT 1 # 11 # NON_NULLABLE NON_REQUIRED #</Process><Process Name="Calculate Field (2)" ToolSource="D:\PROGRAMARI\ArcGIS\Desktop10.0\ArcToolbox\Toolboxes\Data Management Tools.tbx\CalculateField" Date="20140612" Time="130904">CalculateField D:\PROVES\Incendis\incendis00\incendis2000.shp CODIF [CODI_FINAL] VB #</Process><Process Name="Add Field (3)" ToolSource="D:\PROGRAMARI\ArcGIS\Desktop10.0\ArcToolbox\Toolboxes\Data Management Tools.tbx\AddField" Date="20140612" Time="130904">AddField D:\PROVES\Incendis\incendis00\incendis2000.shp DATA TEXT 1 # 12 # NON_NULLABLE NON_REQUIRED #</Process><Process Name="Calculate Field (3)" ToolSource="D:\PROGRAMARI\ArcGIS\Desktop10.0\ArcToolbox\Toolboxes\Data Management Tools.tbx\CalculateField" Date="20140612" Time="130904">CalculateField D:\PROVES\Incendis\incendis00\incendis2000.shp DATA [DATA_INCEN] VB #</Process><Process Name="Add Field (4)" ToolSource="D:\PROGRAMARI\ArcGIS\Desktop10.0\ArcToolbox\Toolboxes\Data Management Tools.tbx\AddField" Date="20140612" Time="130904">AddField D:\PROVES\Incendis\incendis00\incendis2000.shp MUNI TEXT 1 # 80 # NON_NULLABLE NON_REQUIRED #</Process><Process Name="Calculate Field (4)" ToolSource="D:\PROGRAMARI\ArcGIS\Desktop10.0\ArcToolbox\Toolboxes\Data Management Tools.tbx\CalculateField" Date="20140612" Time="130905">CalculateField D:\PROVES\Incendis\incendis00\incendis2000.shp MUNI [MUNICIPI_D] VB #</Process><Process Name="Add Field" ToolSource="D:\PROGRAMARI\ArcGIS\Desktop10.0\ArcToolbox\Toolboxes\Data Management Tools.tbx\AddField" Date="20140612" Time="130905">AddField D:\PROVES\Incendis\incendis00\incendis2000.shp GRID SHORT 1 # # # NON_NULLABLE NON_REQUIRED #</Process><Process Name="Calculate Field" ToolSource="D:\PROGRAMARI\ArcGIS\Desktop10.0\ArcToolbox\Toolboxes\Data Management Tools.tbx\CalculateField" Date="20140612" Time="130905">CalculateField D:\PROVES\Incendis\incendis00\incendis2000.shp GRID [GRID_CODE] VB #</Process><Process Name="Delete Field" ToolSource="D:\PROGRAMARI\ArcGIS\Desktop10.0\ArcToolbox\Toolboxes\Data Management Tools.tbx\DeleteField" Date="20140612" Time="130905">DeleteField D:\PROVES\Incendis\incendis00\incendis2000.shp GRID_CODE;CODI_FINAL;DATA_INCEN;MUNICIPI_D</Process><Process Name="Add Field (5)" ToolSource="D:\PROGRAMARI\ArcGIS\Desktop10.0\ArcToolbox\Toolboxes\Data Management Tools.tbx\AddField" Date="20140612" Time="130905">AddField D:\PROVES\Incendis\incendis00\incendis2000.shp GRID_CODE SHORT 1 # # # NON_NULLABLE NON_REQUIRED #</Process><Process Name="Calculate Field (5)" ToolSource="D:\PROGRAMARI\ArcGIS\Desktop10.0\ArcToolbox\Toolboxes\Data Management Tools.tbx\CalculateField" Date="20140612" Time="130905">CalculateField D:\PROVES\Incendis\incendis00\incendis2000.shp GRID_CODE [GRID] VB #</Process><Process Name="Add Field (6)" ToolSource="D:\PROGRAMARI\ArcGIS\Desktop10.0\ArcToolbox\Toolboxes\Data Management Tools.tbx\AddField" Date="20140612" Time="130905">AddField D:\PROVES\Incendis\incendis00\incendis2000.shp CODI_FINAL TEXT 1 # 11 # NON_NULLABLE NON_REQUIRED #</Process><Process Name="Calculate Field (6)" ToolSource="D:\PROGRAMARI\ArcGIS\Desktop10.0\ArcToolbox\Toolboxes\Data Management Tools.tbx\CalculateField" Date="20140612" Time="130905">CalculateField D:\PROVES\Incendis\incendis00\incendis2000.shp CODI_FINAL [CODIF] VB #</Process><Process Name="Add Field (8)" ToolSource="D:\PROGRAMARI\ArcGIS\Desktop10.0\ArcToolbox\Toolboxes\Data Management Tools.tbx\AddField" Date="20140612" Time="130905">AddField D:\PROVES\Incendis\incendis00\incendis2000.shp MUNICIPI TEXT 1 # 80 # NON_NULLABLE NON_REQUIRED #</Process><Process Name="Calculate Field (8)" ToolSource="D:\PROGRAMARI\ArcGIS\Desktop10.0\ArcToolbox\Toolboxes\Data Management Tools.tbx\CalculateField" Date="20140612" Time="130906">CalculateField D:\PROVES\Incendis\incendis00\incendis2000.shp MUNICIPI [MUNI] VB #</Process><Process Name="Add Field (7)" ToolSource="D:\PROGRAMARI\ArcGIS\Desktop10.0\ArcToolbox\Toolboxes\Data Management Tools.tbx\AddField" Date="20140612" Time="130906">AddField D:\PROVES\Incendis\incendis00\incendis2000.shp DATA_INCEN TEXT 1 # 12 # NON_NULLABLE NON_REQUIRED #</Process><Process Name="Calculate Field (7)" ToolSource="D:\PROGRAMARI\ArcGIS\Desktop10.0\ArcToolbox\Toolboxes\Data Management Tools.tbx\CalculateField" Date="20140612" Time="130906">CalculateField D:\PROVES\Incendis\incendis00\incendis2000.shp DATA_INCEN [DATA] VB #</Process><Process Name="Delete Field (2)" ToolSource="D:\PROGRAMARI\ArcGIS\Desktop10.0\ArcToolbox\Toolboxes\Data Management Tools.tbx\DeleteField" Date="20140612" Time="130906">DeleteField D:\PROVES\Incendis\incendis00\incendis2000.shp CODIF;DATA;MUNI;GRID</Process><Process Name="Add Field (43)" ToolSource="D:\PROGRAMARI\ArcGIS\Desktop10.0\ArcToolbox\Toolboxes\Data Management Tools.tbx\AddField" Date="20140612" Time="140357">AddField D:\PROVES\Incendis\incendis00\incendis2000.shp CODIF TEXT 1 # 11 # NON_NULLABLE NON_REQUIRED #</Process><Process Name="Calculate Field (43)" ToolSource="D:\PROGRAMARI\ArcGIS\Desktop10.0\ArcToolbox\Toolboxes\Data Management Tools.tbx\CalculateField" Date="20140612" Time="140357">CalculateField D:\PROVES\Incendis\incendis00\incendis2000.shp CODIF [CODI_FINAL] VB #</Process><Process Name="Add Field (44)" ToolSource="D:\PROGRAMARI\ArcGIS\Desktop10.0\ArcToolbox\Toolboxes\Data Management Tools.tbx\AddField" Date="20140612" Time="140357">AddField D:\PROVES\Incendis\incendis00\incendis2000.shp DATA TEXT 1 # 12 # NON_NULLABLE NON_REQUIRED #</Process><Process Name="Calculate Field (44)" ToolSource="D:\PROGRAMARI\ArcGIS\Desktop10.0\ArcToolbox\Toolboxes\Data Management Tools.tbx\CalculateField" Date="20140612" Time="140357">CalculateField D:\PROVES\Incendis\incendis00\incendis2000.shp DATA [DATA_INCEN] VB #</Process><Process Name="Add Field (45)" ToolSource="D:\PROGRAMARI\ArcGIS\Desktop10.0\ArcToolbox\Toolboxes\Data Management Tools.tbx\AddField" Date="20140612" Time="140357">AddField D:\PROVES\Incendis\incendis00\incendis2000.shp MUNI TEXT 1 # 80 # NON_NULLABLE NON_REQUIRED #</Process><Process Name="Add Field (43)" ToolSource="D:\PROGRAMARI\ArcGIS\Desktop10.0\ArcToolbox\Toolboxes\Data Management Tools.tbx\AddField" Date="20140612" Time="140845">AddField D:\PROVES\Incendis\incendis00\incendis2000.shp CODIF TEXT 1 # 11 # NON_NULLABLE NON_REQUIRED #</Process><Process Name="Calculate Field (43)" ToolSource="D:\PROGRAMARI\ArcGIS\Desktop10.0\ArcToolbox\Toolboxes\Data Management Tools.tbx\CalculateField" Date="20140612" Time="140845">CalculateField D:\PROVES\Incendis\incendis00\incendis2000.shp CODIF [CODI_FINAL] VB #</Process><Process Name="Add Field (44)" ToolSource="D:\PROGRAMARI\ArcGIS\Desktop10.0\ArcToolbox\Toolboxes\Data Management Tools.tbx\AddField" Date="20140612" Time="140845">AddField D:\PROVES\Incendis\incendis00\incendis2000.shp DATA TEXT 1 # 12 # NON_NULLABLE NON_REQUIRED #</Process><Process Name="Calculate Field (44)" ToolSource="D:\PROGRAMARI\ArcGIS\Desktop10.0\ArcToolbox\Toolboxes\Data Management Tools.tbx\CalculateField" Date="20140612" Time="140845">CalculateField D:\PROVES\Incendis\incendis00\incendis2000.shp DATA [DATA_INCEN] VB #</Process><Process Name="Add Field" ToolSource="D:\PROGRAMARI\ArcGIS\Desktop10.0\ArcToolbox\Toolboxes\Data Management Tools.tbx\AddField" Date="20140612" Time="140846">AddField D:\PROVES\Incendis\incendis00\incendis2000.shp MUNI TEXT # # 80 # NON_NULLABLE NON_REQUIRED #</Process><Process Name="Calculate Field (45)" ToolSource="D:\PROGRAMARI\ArcGIS\Desktop10.0\ArcToolbox\Toolboxes\Data Management Tools.tbx\CalculateField" Date="20140612" Time="140846">CalculateField D:\PROVES\Incendis\incendis00\incendis2000.shp MUNI [MUNICIPI_D] VB #</Process><Process Name="Add Field (42)" ToolSource="D:\PROGRAMARI\ArcGIS\Desktop10.0\ArcToolbox\Toolboxes\Data Management Tools.tbx\AddField" Date="20140612" Time="140846">AddField D:\PROVES\Incendis\incendis00\incendis2000.shp GRID SHORT 1 # # # NON_NULLABLE NON_REQUIRED #</Process><Process Name="Calculate Field (42)" ToolSource="D:\PROGRAMARI\ArcGIS\Desktop10.0\ArcToolbox\Toolboxes\Data Management Tools.tbx\CalculateField" Date="20140612" Time="140846">CalculateField D:\PROVES\Incendis\incendis00\incendis2000.shp GRID [GRID_CODE] VB #</Process><Process Name="Delete Field (12)" ToolSource="D:\PROGRAMARI\ArcGIS\Desktop10.0\ArcToolbox\Toolboxes\Data Management Tools.tbx\DeleteField" Date="20140612" Time="140846">DeleteField D:\PROVES\Incendis\incendis00\incendis2000.shp CODI_FINAL;DATA_INCEN;MUNICIPI_D;GRID_CODE</Process><Process Name="Add Field (46)" ToolSource="D:\PROGRAMARI\ArcGIS\Desktop10.0\ArcToolbox\Toolboxes\Data Management Tools.tbx\AddField" Date="20140612" Time="140846">AddField D:\PROVES\Incendis\incendis00\incendis2000.shp GRID_CODE SHORT 1 # # # NON_NULLABLE NON_REQUIRED #</Process><Process Name="Calculate Field (46)" ToolSource="D:\PROGRAMARI\ArcGIS\Desktop10.0\ArcToolbox\Toolboxes\Data Management Tools.tbx\CalculateField" Date="20140612" Time="140846">CalculateField D:\PROVES\Incendis\incendis00\incendis2000.shp GRID_CODE [GRID] VB #</Process><Process Name="Add Field (47)" ToolSource="D:\PROGRAMARI\ArcGIS\Desktop10.0\ArcToolbox\Toolboxes\Data Management Tools.tbx\AddField" Date="20140612" Time="140846">AddField D:\PROVES\Incendis\incendis00\incendis2000.shp CODI_FINAL TEXT 1 # 11 # NON_NULLABLE NON_REQUIRED #</Process><Process Name="Calculate Field (47)" ToolSource="D:\PROGRAMARI\ArcGIS\Desktop10.0\ArcToolbox\Toolboxes\Data Management Tools.tbx\CalculateField" Date="20140612" Time="140846">CalculateField D:\PROVES\Incendis\incendis00\incendis2000.shp CODI_FINAL [CODIF] VB #</Process><Process Name="Add Field (49)" ToolSource="D:\PROGRAMARI\ArcGIS\Desktop10.0\ArcToolbox\Toolboxes\Data Management Tools.tbx\AddField" Date="20140612" Time="140846">AddField D:\PROVES\Incendis\incendis00\incendis2000.shp MUNICIPI TEXT 1 # 80 # NON_NULLABLE NON_REQUIRED #</Process><Process Name="Calculate Field (49)" ToolSource="D:\PROGRAMARI\ArcGIS\Desktop10.0\ArcToolbox\Toolboxes\Data Management Tools.tbx\CalculateField" Date="20140612" Time="140847">CalculateField D:\PROVES\Incendis\incendis00\incendis2000.shp MUNICIPI [MUNI] VB #</Process><Process Name="Add Field (48)" ToolSource="D:\PROGRAMARI\ArcGIS\Desktop10.0\ArcToolbox\Toolboxes\Data Management Tools.tbx\AddField" Date="20140612" Time="140847">AddField D:\PROVES\Incendis\incendis00\incendis2000.shp DATA_INCEN TEXT 1 # 12 # NON_NULLABLE NON_REQUIRED #</Process><Process Name="Calculate Field (48)" ToolSource="D:\PROGRAMARI\ArcGIS\Desktop10.0\ArcToolbox\Toolboxes\Data Management Tools.tbx\CalculateField" Date="20140612" Time="140847">CalculateField D:\PROVES\Incendis\incendis00\incendis2000.shp DATA_INCEN [DATA] VB #</Process><Process Name="Delete Field (13)" ToolSource="D:\PROGRAMARI\ArcGIS\Desktop10.0\ArcToolbox\Toolboxes\Data Management Tools.tbx\DeleteField" Date="20140612" Time="140847">DeleteField D:\PROVES\Incendis\incendis00\incendis2000.shp CODIF;DATA;MUNI;GRID</Process><Process ToolSource="D:\PROGRAMARI\ArcGIS\Desktop10.0\ArcToolbox\Toolboxes\Data Management Tools.tbx\CalculateField" Date="20140612" Time="140943">CalculateField incendis2000 DATA [MUNICIPI_D] VB #</Process><Process ToolSource="D:\PROGRAMARI\ArcGIS\Desktop10.0\ArcToolbox\Toolboxes\Data Management Tools.tbx\CalculateField" Date="20140612" Time="140952">CalculateField incendis2000 MUNICIPI_D [DATA_INCEN] VB #</Process><Process ToolSource="D:\PROGRAMARI\ArcGIS\Desktop10.0\ArcToolbox\Toolboxes\Data Management Tools.tbx\CalculateField" Date="20140612" Time="141205">CalculateField incendis2000 GRID [GRID_CODE] VB #</Process><Process ToolSource="D:\PROGRAMARI\ArcGIS\Desktop10.0\ArcToolbox\Toolboxes\Data Management Tools.tbx\CalculateField" Date="20140612" Time="141225">CalculateField incendis2000 GRID_CODE [GRID] VB #</Process><Process ToolSource="D:\PROGRAMARI\ArcGIS\Desktop10.0\ArcToolbox\Toolboxes\Data Management Tools.tbx\CalculateField" Date="20140612" Time="141304">CalculateField incendis2000 DATA_INCEN [DATA] VB #</Process><Process ToolSource="D:\PROGRAMARI\ArcGIS\Desktop10.0\ArcToolbox\Toolboxes\Data Management Tools.tbx\CalculateField" Date="20140612" Time="141330">CalculateField incendis2000 CODI [CODI_FINAL] VB #</Process><Process ToolSource="D:\PROGRAMARI\ArcGIS\Desktop10.0\ArcToolbox\Toolboxes\Data Management Tools.tbx\CalculateField" Date="20140612" Time="141349">CalculateField incendis2000 CODI_FINAL [CODI] VB #</Process><Process ToolSource="D:\PROGRAMARI\ArcGIS\Desktop10.0\ArcToolbox\Toolboxes\Data Management Tools.tbx\CalculateField" Date="20140612" Time="141412">CalculateField incendis2000 MUNI [MUNICIPI_D] VB #</Process><Process ToolSource="d:\programari\arcgis\desktop10.0\ArcToolbox\Toolboxes\Data Management Tools.tbx\CalculateField" Date="20140612" Time="141656">CalculateField incendis2000 MUNICIPI [MUNI] VB #</Process></lineage></DataProperties></Esri></metadata>
