<?xml version="1.0" encoding="UTF-8"?>
<metadata xml:lang="ca"><Esri><CreaDate>20140612</CreaDate><CreaTime>14013900</CreaTime><ArcGISFormat>1.0</ArcGISFormat><ArcGISstyle>INSPIRE Metadata Directive</ArcGISstyle><SyncOnce>TRUE</SyncOnce><DataProperties><lineage><Process Name="Add Field (10)" ToolSource="D:\PROGRAMARI\ArcGIS\Desktop10.0\ArcToolbox\Toolboxes\Data Management Tools.tbx\AddField" Date="20140612" Time="140139">AddField D:\PROVES\Incendis\incendis95\incendis1995.shp CODIF TEXT 1 # 11 # NON_NULLABLE NON_REQUIRED #</Process><Process Name="Calculate Field (10)" ToolSource="D:\PROGRAMARI\ArcGIS\Desktop10.0\ArcToolbox\Toolboxes\Data Management Tools.tbx\CalculateField" Date="20140612" Time="140139">CalculateField D:\PROVES\Incendis\incendis95\incendis1995.shp CODIF [CODI_FINAL] VB #</Process><Process Name="Add Field (11)" ToolSource="D:\PROGRAMARI\ArcGIS\Desktop10.0\ArcToolbox\Toolboxes\Data Management Tools.tbx\AddField" Date="20140612" Time="140139">AddField D:\PROVES\Incendis\incendis95\incendis1995.shp DATA TEXT 1 # 12 # NON_NULLABLE NON_REQUIRED #</Process><Process Name="Calculate Field (11)" ToolSource="D:\PROGRAMARI\ArcGIS\Desktop10.0\ArcToolbox\Toolboxes\Data Management Tools.tbx\CalculateField" Date="20140612" Time="140139">CalculateField D:\PROVES\Incendis\incendis95\incendis1995.shp DATA [DATA_INCEN] VB #</Process><Process Name="Add Field (12)" ToolSource="D:\PROGRAMARI\ArcGIS\Desktop10.0\ArcToolbox\Toolboxes\Data Management Tools.tbx\AddField" Date="20140612" Time="140139">AddField D:\PROVES\Incendis\incendis95\incendis1995.shp MUNI TEXT 1 # 80 # NON_NULLABLE NON_REQUIRED #</Process><Process Name="Calculate Field (12)" ToolSource="D:\PROGRAMARI\ArcGIS\Desktop10.0\ArcToolbox\Toolboxes\Data Management Tools.tbx\CalculateField" Date="20140612" Time="140139">CalculateField D:\PROVES\Incendis\incendis95\incendis1995.shp MUNI [MUNICIPI_D] VB #</Process><Process Name="Add Field (9)" ToolSource="D:\PROGRAMARI\ArcGIS\Desktop10.0\ArcToolbox\Toolboxes\Data Management Tools.tbx\AddField" Date="20140612" Time="140139">AddField D:\PROVES\Incendis\incendis95\incendis1995.shp GRID SHORT 1 # # # NON_NULLABLE NON_REQUIRED #</Process><Process Name="Calculate Field (9)" ToolSource="D:\PROGRAMARI\ArcGIS\Desktop10.0\ArcToolbox\Toolboxes\Data Management Tools.tbx\CalculateField" Date="20140612" Time="140139">CalculateField D:\PROVES\Incendis\incendis95\incendis1995.shp GRID [GRID_CODE] VB #</Process><Process Name="Delete Field (3)" ToolSource="D:\PROGRAMARI\ArcGIS\Desktop10.0\ArcToolbox\Toolboxes\Data Management Tools.tbx\DeleteField" Date="20140612" Time="140139">DeleteField D:\PROVES\Incendis\incendis95\incendis1995.shp GRID_CODE;CODI_FINAL;DATA_INCEN;MUNICIPI_D</Process><Process Name="Add Field (13)" ToolSource="D:\PROGRAMARI\ArcGIS\Desktop10.0\ArcToolbox\Toolboxes\Data Management Tools.tbx\AddField" Date="20140612" Time="140139">AddField D:\PROVES\Incendis\incendis95\incendis1995.shp GRID_CODE SHORT 1 # # # NON_NULLABLE NON_REQUIRED #</Process><Process Name="Calculate Field (13)" ToolSource="D:\PROGRAMARI\ArcGIS\Desktop10.0\ArcToolbox\Toolboxes\Data Management Tools.tbx\CalculateField" Date="20140612" Time="140140">CalculateField D:\PROVES\Incendis\incendis95\incendis1995.shp GRID_CODE [GRID] VB #</Process><Process Name="Add Field (14)" ToolSource="D:\PROGRAMARI\ArcGIS\Desktop10.0\ArcToolbox\Toolboxes\Data Management Tools.tbx\AddField" Date="20140612" Time="140140">AddField D:\PROVES\Incendis\incendis95\incendis1995.shp CODI_FINAL TEXT 1 # 11 # NON_NULLABLE NON_REQUIRED #</Process><Process Name="Calculate Field (14)" ToolSource="D:\PROGRAMARI\ArcGIS\Desktop10.0\ArcToolbox\Toolboxes\Data Management Tools.tbx\CalculateField" Date="20140612" Time="140140">CalculateField D:\PROVES\Incendis\incendis95\incendis1995.shp CODI_FINAL [CODIF] VB #</Process><Process Name="Add Field (16)" ToolSource="D:\PROGRAMARI\ArcGIS\Desktop10.0\ArcToolbox\Toolboxes\Data Management Tools.tbx\AddField" Date="20140612" Time="140140">AddField D:\PROVES\Incendis\incendis95\incendis1995.shp MUNICIPI TEXT 1 # 80 # NON_NULLABLE NON_REQUIRED #</Process><Process Name="Calculate Field (16)" ToolSource="D:\PROGRAMARI\ArcGIS\Desktop10.0\ArcToolbox\Toolboxes\Data Management Tools.tbx\CalculateField" Date="20140612" Time="140140">CalculateField D:\PROVES\Incendis\incendis95\incendis1995.shp MUNICIPI [MUNI] VB #</Process><Process Name="Add Field (15)" ToolSource="D:\PROGRAMARI\ArcGIS\Desktop10.0\ArcToolbox\Toolboxes\Data Management Tools.tbx\AddField" Date="20140612" Time="140140">AddField D:\PROVES\Incendis\incendis95\incendis1995.shp DATA_INCEN TEXT 1 # 12 # NON_NULLABLE NON_REQUIRED #</Process><Process Name="Calculate Field (15)" ToolSource="D:\PROGRAMARI\ArcGIS\Desktop10.0\ArcToolbox\Toolboxes\Data Management Tools.tbx\CalculateField" Date="20140612" Time="140140">CalculateField D:\PROVES\Incendis\incendis95\incendis1995.shp DATA_INCEN [DATA] VB #</Process><Process Name="Delete Field (4)" ToolSource="D:\PROGRAMARI\ArcGIS\Desktop10.0\ArcToolbox\Toolboxes\Data Management Tools.tbx\DeleteField" Date="20140612" Time="140140">DeleteField D:\PROVES\Incendis\incendis95\incendis1995.shp CODIF;DATA;MUNI;GRID</Process></lineage></DataProperties></Esri></metadata>
