<?xml version="1.0" encoding="UTF-8"?>
<metadata xml:lang="ca"><Esri><CreaDate>20140612</CreaDate><CreaTime>13571000</CreaTime><ArcGISFormat>1.0</ArcGISFormat><ArcGISstyle>INSPIRE Metadata Directive</ArcGISstyle><SyncOnce>TRUE</SyncOnce><DataProperties><lineage><Process Name="Add Field (19)" ToolSource="D:\PROGRAMARI\ArcGIS\Desktop10.0\ArcToolbox\Toolboxes\Data Management Tools.tbx\AddField" Date="20140612" Time="135710">AddField D:\PROVES\Incendis\incendis88\incendis1988.shp CODIF TEXT 1 # 11 # NON_NULLABLE NON_REQUIRED #</Process><Process Name="Calculate Field (19)" ToolSource="D:\PROGRAMARI\ArcGIS\Desktop10.0\ArcToolbox\Toolboxes\Data Management Tools.tbx\CalculateField" Date="20140612" Time="135711">CalculateField D:\PROVES\Incendis\incendis88\incendis1988.shp CODIF [CODI_FINAL] VB #</Process><Process Name="Add Field (20)" ToolSource="D:\PROGRAMARI\ArcGIS\Desktop10.0\ArcToolbox\Toolboxes\Data Management Tools.tbx\AddField" Date="20140612" Time="135711">AddField D:\PROVES\Incendis\incendis88\incendis1988.shp DATA TEXT 1 # 12 # NON_NULLABLE NON_REQUIRED #</Process><Process Name="Calculate Field (20)" ToolSource="D:\PROGRAMARI\ArcGIS\Desktop10.0\ArcToolbox\Toolboxes\Data Management Tools.tbx\CalculateField" Date="20140612" Time="135711">CalculateField D:\PROVES\Incendis\incendis88\incendis1988.shp DATA [DATA_INCEN] VB #</Process><Process Name="Add Field (21)" ToolSource="D:\PROGRAMARI\ArcGIS\Desktop10.0\ArcToolbox\Toolboxes\Data Management Tools.tbx\AddField" Date="20140612" Time="135711">AddField D:\PROVES\Incendis\incendis88\incendis1988.shp MUNI TEXT 1 # 80 # NON_NULLABLE NON_REQUIRED #</Process><Process Name="Calculate Field (21)" ToolSource="D:\PROGRAMARI\ArcGIS\Desktop10.0\ArcToolbox\Toolboxes\Data Management Tools.tbx\CalculateField" Date="20140612" Time="135711">CalculateField D:\PROVES\Incendis\incendis88\incendis1988.shp MUNI [MUNICIPI_D] VB #</Process><Process Name="Add Field (18)" ToolSource="D:\PROGRAMARI\ArcGIS\Desktop10.0\ArcToolbox\Toolboxes\Data Management Tools.tbx\AddField" Date="20140612" Time="135711">AddField D:\PROVES\Incendis\incendis88\incendis1988.shp GRID SHORT 1 # # # NON_NULLABLE NON_REQUIRED #</Process><Process Name="Calculate Field (18)" ToolSource="D:\PROGRAMARI\ArcGIS\Desktop10.0\ArcToolbox\Toolboxes\Data Management Tools.tbx\CalculateField" Date="20140612" Time="135711">CalculateField D:\PROVES\Incendis\incendis88\incendis1988.shp GRID [GRID_CODE] VB #</Process><Process Name="Delete Field (6)" ToolSource="D:\PROGRAMARI\ArcGIS\Desktop10.0\ArcToolbox\Toolboxes\Data Management Tools.tbx\DeleteField" Date="20140612" Time="135711">DeleteField D:\PROVES\Incendis\incendis88\incendis1988.shp GRID_CODE;CODI_FINAL;DATA_INCEN;MUNICIPI_D</Process><Process Name="Add Field (22)" ToolSource="D:\PROGRAMARI\ArcGIS\Desktop10.0\ArcToolbox\Toolboxes\Data Management Tools.tbx\AddField" Date="20140612" Time="135711">AddField D:\PROVES\Incendis\incendis88\incendis1988.shp GRID_CODE SHORT 1 # # # NON_NULLABLE NON_REQUIRED #</Process><Process Name="Calculate Field (22)" ToolSource="D:\PROGRAMARI\ArcGIS\Desktop10.0\ArcToolbox\Toolboxes\Data Management Tools.tbx\CalculateField" Date="20140612" Time="135711">CalculateField D:\PROVES\Incendis\incendis88\incendis1988.shp GRID_CODE [GRID] VB #</Process><Process Name="Add Field (23)" ToolSource="D:\PROGRAMARI\ArcGIS\Desktop10.0\ArcToolbox\Toolboxes\Data Management Tools.tbx\AddField" Date="20140612" Time="135711">AddField D:\PROVES\Incendis\incendis88\incendis1988.shp CODI_FINAL TEXT 1 # 11 # NON_NULLABLE NON_REQUIRED #</Process><Process Name="Calculate Field (23)" ToolSource="D:\PROGRAMARI\ArcGIS\Desktop10.0\ArcToolbox\Toolboxes\Data Management Tools.tbx\CalculateField" Date="20140612" Time="135711">CalculateField D:\PROVES\Incendis\incendis88\incendis1988.shp CODI_FINAL [CODIF] VB #</Process><Process Name="Add Field (25)" ToolSource="D:\PROGRAMARI\ArcGIS\Desktop10.0\ArcToolbox\Toolboxes\Data Management Tools.tbx\AddField" Date="20140612" Time="135711">AddField D:\PROVES\Incendis\incendis88\incendis1988.shp MUNICIPI TEXT 1 # 80 # NON_NULLABLE NON_REQUIRED #</Process><Process Name="Calculate Field (25)" ToolSource="D:\PROGRAMARI\ArcGIS\Desktop10.0\ArcToolbox\Toolboxes\Data Management Tools.tbx\CalculateField" Date="20140612" Time="135712">CalculateField D:\PROVES\Incendis\incendis88\incendis1988.shp MUNICIPI [MUNI] VB #</Process><Process Name="Add Field (24)" ToolSource="D:\PROGRAMARI\ArcGIS\Desktop10.0\ArcToolbox\Toolboxes\Data Management Tools.tbx\AddField" Date="20140612" Time="135712">AddField D:\PROVES\Incendis\incendis88\incendis1988.shp DATA_INCEN TEXT 1 # 12 # NON_NULLABLE NON_REQUIRED #</Process><Process Name="Calculate Field (24)" ToolSource="D:\PROGRAMARI\ArcGIS\Desktop10.0\ArcToolbox\Toolboxes\Data Management Tools.tbx\CalculateField" Date="20140612" Time="135712">CalculateField D:\PROVES\Incendis\incendis88\incendis1988.shp DATA_INCEN [DATA] VB #</Process><Process Name="Delete Field (7)" ToolSource="D:\PROGRAMARI\ArcGIS\Desktop10.0\ArcToolbox\Toolboxes\Data Management Tools.tbx\DeleteField" Date="20140612" Time="135712">DeleteField D:\PROVES\Incendis\incendis88\incendis1988.shp CODIF;DATA;MUNI;GRID</Process></lineage></DataProperties></Esri></metadata>
