<?xml version="1.0" encoding="UTF-8"?>
<metadata xml:lang="ca"><Esri><CreaDate>20140612</CreaDate><CreaTime>13132300</CreaTime><ArcGISFormat>1.0</ArcGISFormat><ArcGISstyle>INSPIRE Metadata Directive</ArcGISstyle><SyncOnce>TRUE</SyncOnce><DataProperties><lineage><Process Name="Add Field (2)" ToolSource="D:\PROGRAMARI\ArcGIS\Desktop10.0\ArcToolbox\Toolboxes\Data Management Tools.tbx\AddField" Date="20140612" Time="131323">AddField D:\PROVES\Incendis\incendis01\incendis2001.shp CODIF TEXT 1 # 11 # NON_NULLABLE NON_REQUIRED #</Process><Process Name="Calculate Field (2)" ToolSource="D:\PROGRAMARI\ArcGIS\Desktop10.0\ArcToolbox\Toolboxes\Data Management Tools.tbx\CalculateField" Date="20140612" Time="131323">CalculateField D:\PROVES\Incendis\incendis01\incendis2001.shp CODIF [CODI_FINAL] VB #</Process><Process Name="Add Field (3)" ToolSource="D:\PROGRAMARI\ArcGIS\Desktop10.0\ArcToolbox\Toolboxes\Data Management Tools.tbx\AddField" Date="20140612" Time="131323">AddField D:\PROVES\Incendis\incendis01\incendis2001.shp DATA TEXT 1 # 12 # NON_NULLABLE NON_REQUIRED #</Process><Process Name="Calculate Field (3)" ToolSource="D:\PROGRAMARI\ArcGIS\Desktop10.0\ArcToolbox\Toolboxes\Data Management Tools.tbx\CalculateField" Date="20140612" Time="131323">CalculateField D:\PROVES\Incendis\incendis01\incendis2001.shp DATA [DATA_INCEN] VB #</Process><Process Name="Add Field (4)" ToolSource="D:\PROGRAMARI\ArcGIS\Desktop10.0\ArcToolbox\Toolboxes\Data Management Tools.tbx\AddField" Date="20140612" Time="131323">AddField D:\PROVES\Incendis\incendis01\incendis2001.shp MUNI TEXT 1 # 80 # NON_NULLABLE NON_REQUIRED #</Process><Process Name="Calculate Field (4)" ToolSource="D:\PROGRAMARI\ArcGIS\Desktop10.0\ArcToolbox\Toolboxes\Data Management Tools.tbx\CalculateField" Date="20140612" Time="131323">CalculateField D:\PROVES\Incendis\incendis01\incendis2001.shp MUNI [MUNICIPI_D] VB #</Process><Process Name="Add Field" ToolSource="D:\PROGRAMARI\ArcGIS\Desktop10.0\ArcToolbox\Toolboxes\Data Management Tools.tbx\AddField" Date="20140612" Time="131324">AddField D:\PROVES\Incendis\incendis01\incendis2001.shp GRID SHORT 1 # # # NON_NULLABLE NON_REQUIRED #</Process><Process Name="Calculate Field" ToolSource="D:\PROGRAMARI\ArcGIS\Desktop10.0\ArcToolbox\Toolboxes\Data Management Tools.tbx\CalculateField" Date="20140612" Time="131324">CalculateField D:\PROVES\Incendis\incendis01\incendis2001.shp GRID [GRID_CODE] VB #</Process><Process Name="Delete Field" ToolSource="D:\PROGRAMARI\ArcGIS\Desktop10.0\ArcToolbox\Toolboxes\Data Management Tools.tbx\DeleteField" Date="20140612" Time="131324">DeleteField D:\PROVES\Incendis\incendis01\incendis2001.shp GRID_CODE;CODI_FINAL;DATA_INCEN;MUNICIPI_D</Process><Process Name="Add Field (5)" ToolSource="D:\PROGRAMARI\ArcGIS\Desktop10.0\ArcToolbox\Toolboxes\Data Management Tools.tbx\AddField" Date="20140612" Time="131324">AddField D:\PROVES\Incendis\incendis01\incendis2001.shp GRID_CODE SHORT 1 # # # NON_NULLABLE NON_REQUIRED #</Process><Process Name="Calculate Field (5)" ToolSource="D:\PROGRAMARI\ArcGIS\Desktop10.0\ArcToolbox\Toolboxes\Data Management Tools.tbx\CalculateField" Date="20140612" Time="131324">CalculateField D:\PROVES\Incendis\incendis01\incendis2001.shp GRID_CODE [GRID] VB #</Process><Process Name="Add Field (6)" ToolSource="D:\PROGRAMARI\ArcGIS\Desktop10.0\ArcToolbox\Toolboxes\Data Management Tools.tbx\AddField" Date="20140612" Time="131324">AddField D:\PROVES\Incendis\incendis01\incendis2001.shp CODI_FINAL TEXT 1 # 11 # NON_NULLABLE NON_REQUIRED #</Process><Process Name="Calculate Field (6)" ToolSource="D:\PROGRAMARI\ArcGIS\Desktop10.0\ArcToolbox\Toolboxes\Data Management Tools.tbx\CalculateField" Date="20140612" Time="131324">CalculateField D:\PROVES\Incendis\incendis01\incendis2001.shp CODI_FINAL [CODIF] VB #</Process><Process Name="Add Field (8)" ToolSource="D:\PROGRAMARI\ArcGIS\Desktop10.0\ArcToolbox\Toolboxes\Data Management Tools.tbx\AddField" Date="20140612" Time="131324">AddField D:\PROVES\Incendis\incendis01\incendis2001.shp MUNICIPI TEXT 1 # 80 # NON_NULLABLE NON_REQUIRED #</Process><Process Name="Calculate Field (8)" ToolSource="D:\PROGRAMARI\ArcGIS\Desktop10.0\ArcToolbox\Toolboxes\Data Management Tools.tbx\CalculateField" Date="20140612" Time="131324">CalculateField D:\PROVES\Incendis\incendis01\incendis2001.shp MUNICIPI [MUNI] VB #</Process><Process Name="Add Field (7)" ToolSource="D:\PROGRAMARI\ArcGIS\Desktop10.0\ArcToolbox\Toolboxes\Data Management Tools.tbx\AddField" Date="20140612" Time="131325">AddField D:\PROVES\Incendis\incendis01\incendis2001.shp DATA_INCEN TEXT 1 # 12 # NON_NULLABLE NON_REQUIRED #</Process><Process Name="Calculate Field (7)" ToolSource="D:\PROGRAMARI\ArcGIS\Desktop10.0\ArcToolbox\Toolboxes\Data Management Tools.tbx\CalculateField" Date="20140612" Time="131325">CalculateField D:\PROVES\Incendis\incendis01\incendis2001.shp DATA_INCEN [DATA] VB #</Process><Process Name="Delete Field (2)" ToolSource="D:\PROGRAMARI\ArcGIS\Desktop10.0\ArcToolbox\Toolboxes\Data Management Tools.tbx\DeleteField" Date="20140612" Time="131325">DeleteField D:\PROVES\Incendis\incendis01\incendis2001.shp CODIF;DATA;MUNI;GRID</Process></lineage></DataProperties></Esri></metadata>
